<?xml version="1.0"?>
<Animation>
	<Version type="Animation">
		<Name>New Animation</Name>
		<Number>1.0</Number>
	</Version>
	<Channels>
		<Channel id="100" name="Waist_Yaw">
			<MotionPaths>
				<MotionPath name="path">
					<Version type="Interpolation">
						<Name>C-Spline Interpolation</Name>
						<Number>1.0</Number>
					</Version>
					<ControlPoints>
						<ControlPoint><Time>41.6667</Time><Position>0.5</Position></ControlPoint>
						<ControlPoint><Time>291.66700000000003</Time><Position>0.3698163495090086</Position></ControlPoint>
						<ControlPoint><Time>583.333</Time><Position>0.21733700135015976</Position></ControlPoint>
						<ControlPoint><Time>1166.67</Time><Position>0.21733700135015976</Position></ControlPoint>
						<ControlPoint><Time>1541.67</Time><Position>0.0</Position></ControlPoint>
						<ControlPoint><Time>2083.33</Time><Position>0.0</Position></ControlPoint>
						<ControlPoint><Time>2458.33</Time><Position>1.0</Position></ControlPoint>
						<ControlPoint><Time>2833.33</Time><Position>1.0</Position></ControlPoint>
						<ControlPoint><Time>3166.67</Time><Position>1.0</Position></ControlPoint>
						<ControlPoint><Time>3375.0</Time><Position>1.0</Position></ControlPoint>
						<ControlPoint><Time>3541.67</Time><Position>1.0</Position></ControlPoint>
						<ControlPoint><Time>3750.0</Time><Position>1.0</Position></ControlPoint>
						<ControlPoint><Time>4125.0</Time><Position>1.0</Position></ControlPoint>
						<ControlPoint><Time>4291.67</Time><Position>1.0</Position></ControlPoint>
						<ControlPoint><Time>4666.67</Time><Position>0.21733700135015976</Position></ControlPoint>
						<ControlPoint><Time>4875.0</Time><Position>0.21733700135015976</Position></ControlPoint>
						<ControlPoint><Time>5416.67</Time><Position>0.21733700135015976</Position></ControlPoint>
						<ControlPoint><Time>5625.0</Time><Position>0.21733700135015976</Position></ControlPoint>
						<ControlPoint><Time>6375.0</Time><Position>0.0</Position></ControlPoint>
						<ControlPoint><Time>6750.0</Time><Position>0.0</Position></ControlPoint>
						<ControlPoint><Time>7458.33</Time><Position>0.0</Position></ControlPoint>
						<ControlPoint><Time>7833.33</Time><Position>0.0</Position></ControlPoint>
						<ControlPoint><Time>8208.33</Time><Position>0.0</Position></ControlPoint>
						<ControlPoint><Time>8583.33</Time><Position>0.0</Position></ControlPoint>
						<ControlPoint><Time>8958.33</Time><Position>0.0</Position></ControlPoint>
						<ControlPoint><Time>9166.67</Time><Position>0.0</Position></ControlPoint>
						<ControlPoint><Time>9541.67</Time><Position>0.0</Position></ControlPoint>
						<ControlPoint><Time>10250.0</Time><Position>0.21733700135015976</Position></ControlPoint>
						<ControlPoint><Time>11000.0</Time><Position>0.21733700135015976</Position></ControlPoint>
						<ControlPoint><Time>11375.0</Time><Position>0.5</Position></ControlPoint>
						<ControlPoint><Time>11750.0</Time><Position>0.5</Position></ControlPoint>
						<ControlPoint><Time>12083.3</Time><Position>0.5</Position></ControlPoint>
					</ControlPoints>
				</MotionPath>
			</MotionPaths>
		</Channel>
		<Channel id="500" name="RtShoulder_Pitch">
			<MotionPaths>
				<MotionPath name="path">
					<Version type="Interpolation">
						<Name>C-Spline Interpolation</Name>
						<Number>1.0</Number>
					</Version>
					<ControlPoints>
						<ControlPoint><Time>41.6667</Time><Position>0.1851851851851854</Position></ControlPoint>
						<ControlPoint><Time>291.66700000000003</Time><Position>0.3570867415660154</Position></ControlPoint>
						<ControlPoint><Time>583.333</Time><Position>0.5584268694606671</Position></ControlPoint>
						<ControlPoint><Time>1166.67</Time><Position>0.5584268694606671</Position></ControlPoint>
						<ControlPoint><Time>1541.67</Time><Position>0.38436335233287683</Position></ControlPoint>
						<ControlPoint><Time>2083.33</Time><Position>0.38436335233287683</Position></ControlPoint>
						<ControlPoint><Time>2458.33</Time><Position>0.38436335233287683</Position></ControlPoint>
						<ControlPoint><Time>2833.33</Time><Position>0.38436335233287683</Position></ControlPoint>
						<ControlPoint><Time>3166.67</Time><Position>0.18984543290484782</Position></ControlPoint>
						<ControlPoint><Time>3375.0</Time><Position>0.5001973809481123</Position></ControlPoint>
						<ControlPoint><Time>3541.67</Time><Position>0.22212165217136173</Position></ControlPoint>
						<ControlPoint><Time>3750.0</Time><Position>0.4712757446894531</Position></ControlPoint>
						<ControlPoint><Time>4125.0</Time><Position>0.4712757446894531</Position></ControlPoint>
						<ControlPoint><Time>4291.67</Time><Position>0.4712757446894531</Position></ControlPoint>
						<ControlPoint><Time>4666.67</Time><Position>0.5584268694606671</Position></ControlPoint>
						<ControlPoint><Time>4875.0</Time><Position>0.5584268694606671</Position></ControlPoint>
						<ControlPoint><Time>5416.67</Time><Position>0.22986125095062518</Position></ControlPoint>
						<ControlPoint><Time>5625.0</Time><Position>0.22986125095062518</Position></ControlPoint>
						<ControlPoint><Time>6375.0</Time><Position>0.22986125095062518</Position></ControlPoint>
						<ControlPoint><Time>6750.0</Time><Position>0.22986125095062518</Position></ControlPoint>
						<ControlPoint><Time>7458.33</Time><Position>0.22986125095062518</Position></ControlPoint>
						<ControlPoint><Time>7833.33</Time><Position>0.22986125095062518</Position></ControlPoint>
						<ControlPoint><Time>8208.33</Time><Position>0.22986125095062518</Position></ControlPoint>
						<ControlPoint><Time>8583.33</Time><Position>0.22986125095062518</Position></ControlPoint>
						<ControlPoint><Time>8958.33</Time><Position>0.22986125095062518</Position></ControlPoint>
						<ControlPoint><Time>9166.67</Time><Position>0.22986125095062518</Position></ControlPoint>
						<ControlPoint><Time>9541.67</Time><Position>0.22986125095062518</Position></ControlPoint>
						<ControlPoint><Time>10250.0</Time><Position>0.28119996704707334</Position></ControlPoint>
						<ControlPoint><Time>11000.0</Time><Position>0.28119996704707334</Position></ControlPoint>
						<ControlPoint><Time>11375.0</Time><Position>0.2556831855376267</Position></ControlPoint>
						<ControlPoint><Time>11750.0</Time><Position>0.24220636936978657</Position></ControlPoint>
						<ControlPoint><Time>12083.3</Time><Position>0.1851851851851854</Position></ControlPoint>
					</ControlPoints>
				</MotionPath>
			</MotionPaths>
		</Channel>
		<Channel id="501" name="RtShoulder_Roll">
			<MotionPaths>
				<MotionPath name="path">
					<Version type="Interpolation">
						<Name>C-Spline Interpolation</Name>
						<Number>1.0</Number>
					</Version>
					<ControlPoints>
						<ControlPoint><Time>41.6667</Time><Position>0.11111327663404282</Position></ControlPoint>
						<ControlPoint><Time>291.66700000000003</Time><Position>0.3947700387485483</Position></ControlPoint>
						<ControlPoint><Time>583.333</Time><Position>0.7270078923121962</Position></ControlPoint>
						<ControlPoint><Time>1166.67</Time><Position>0.7270078923121962</Position></ControlPoint>
						<ControlPoint><Time>1541.67</Time><Position>0.22079649721525318</Position></ControlPoint>
						<ControlPoint><Time>2083.33</Time><Position>0.22079649721525318</Position></ControlPoint>
						<ControlPoint><Time>2458.33</Time><Position>0.22079649721525318</Position></ControlPoint>
						<ControlPoint><Time>2833.33</Time><Position>0.22079649721525318</Position></ControlPoint>
						<ControlPoint><Time>3166.67</Time><Position>0.22079649721525318</Position></ControlPoint>
						<ControlPoint><Time>3375.0</Time><Position>0.22079649721525318</Position></ControlPoint>
						<ControlPoint><Time>3541.67</Time><Position>0.22079649721525318</Position></ControlPoint>
						<ControlPoint><Time>3750.0</Time><Position>0.22079649721525318</Position></ControlPoint>
						<ControlPoint><Time>4125.0</Time><Position>0.22079649721525318</Position></ControlPoint>
						<ControlPoint><Time>4291.67</Time><Position>0.22079649721525318</Position></ControlPoint>
						<ControlPoint><Time>4666.67</Time><Position>0.7270078923121962</Position></ControlPoint>
						<ControlPoint><Time>4875.0</Time><Position>0.7270078923121962</Position></ControlPoint>
						<ControlPoint><Time>5416.67</Time><Position>0.16636550667782518</Position></ControlPoint>
						<ControlPoint><Time>5625.0</Time><Position>0.16636550667782518</Position></ControlPoint>
						<ControlPoint><Time>6375.0</Time><Position>0.16636550667782518</Position></ControlPoint>
						<ControlPoint><Time>6750.0</Time><Position>0.16636550667782518</Position></ControlPoint>
						<ControlPoint><Time>7458.33</Time><Position>0.16636550667782518</Position></ControlPoint>
						<ControlPoint><Time>7833.33</Time><Position>0.16636550667782518</Position></ControlPoint>
						<ControlPoint><Time>8208.33</Time><Position>0.16636550667782518</Position></ControlPoint>
						<ControlPoint><Time>8583.33</Time><Position>0.16636550667782518</Position></ControlPoint>
						<ControlPoint><Time>8958.33</Time><Position>0.16636550667782518</Position></ControlPoint>
						<ControlPoint><Time>9166.67</Time><Position>0.16636550667782518</Position></ControlPoint>
						<ControlPoint><Time>9541.67</Time><Position>0.16636550667782518</Position></ControlPoint>
						<ControlPoint><Time>10250.0</Time><Position>0.2539643873556041</Position></ControlPoint>
						<ControlPoint><Time>11000.0</Time><Position>0.2539643873556041</Position></ControlPoint>
						<ControlPoint><Time>11375.0</Time><Position>0.11111327663404282</Position></ControlPoint>
						<ControlPoint><Time>11750.0</Time><Position>0.11111327663404282</Position></ControlPoint>
						<ControlPoint><Time>12083.3</Time><Position>0.11111327663404282</Position></ControlPoint>
					</ControlPoints>
				</MotionPath>
			</MotionPaths>
		</Channel>
		<Channel id="520" name="RtWrist_Yaw">
			<MotionPaths>
				<MotionPath name="path">
					<Version type="Interpolation">
						<Name>C-Spline Interpolation</Name>
						<Number>1.0</Number>
					</Version>
					<ControlPoints>
						<ControlPoint><Time>41.6667</Time><Position>0.43055560537082704</Position></ControlPoint>
						<ControlPoint><Time>291.66700000000003</Time><Position>0.4668243112674375</Position></ControlPoint>
						<ControlPoint><Time>583.333</Time><Position>0.5093042298041408</Position></ControlPoint>
						<ControlPoint><Time>1166.67</Time><Position>0.5093042298041408</Position></ControlPoint>
						<ControlPoint><Time>1541.67</Time><Position>0.5093042298041408</Position></ControlPoint>
						<ControlPoint><Time>2083.33</Time><Position>0.5093042298041408</Position></ControlPoint>
						<ControlPoint><Time>2458.33</Time><Position>0.5093042298041408</Position></ControlPoint>
						<ControlPoint><Time>2833.33</Time><Position>0.5093042298041408</Position></ControlPoint>
						<ControlPoint><Time>3166.67</Time><Position>0.5093042298041408</Position></ControlPoint>
						<ControlPoint><Time>3375.0</Time><Position>0.5093042298041408</Position></ControlPoint>
						<ControlPoint><Time>3541.67</Time><Position>0.5093042298041408</Position></ControlPoint>
						<ControlPoint><Time>3750.0</Time><Position>0.5093042298041408</Position></ControlPoint>
						<ControlPoint><Time>4125.0</Time><Position>0.5093042298041408</Position></ControlPoint>
						<ControlPoint><Time>4291.67</Time><Position>0.5093042298041408</Position></ControlPoint>
						<ControlPoint><Time>4666.67</Time><Position>0.5093042298041408</Position></ControlPoint>
						<ControlPoint><Time>4875.0</Time><Position>0.5093042298041408</Position></ControlPoint>
						<ControlPoint><Time>5416.67</Time><Position>0.5093042298041408</Position></ControlPoint>
						<ControlPoint><Time>5625.0</Time><Position>0.5093042298041408</Position></ControlPoint>
						<ControlPoint><Time>6375.0</Time><Position>0.5093042298041408</Position></ControlPoint>
						<ControlPoint><Time>6750.0</Time><Position>0.5093042298041408</Position></ControlPoint>
						<ControlPoint><Time>7458.33</Time><Position>0.5093042298041408</Position></ControlPoint>
						<ControlPoint><Time>7833.33</Time><Position>0.5093042298041408</Position></ControlPoint>
						<ControlPoint><Time>8208.33</Time><Position>0.5093042298041408</Position></ControlPoint>
						<ControlPoint><Time>8583.33</Time><Position>0.5093042298041408</Position></ControlPoint>
						<ControlPoint><Time>8958.33</Time><Position>0.5093042298041408</Position></ControlPoint>
						<ControlPoint><Time>9166.67</Time><Position>0.5093042298041408</Position></ControlPoint>
						<ControlPoint><Time>9541.67</Time><Position>0.5093042298041408</Position></ControlPoint>
						<ControlPoint><Time>10250.0</Time><Position>0.5093042298041408</Position></ControlPoint>
						<ControlPoint><Time>11000.0</Time><Position>0.5093042298041408</Position></ControlPoint>
						<ControlPoint><Time>11375.0</Time><Position>0.43055560537082704</Position></ControlPoint>
						<ControlPoint><Time>11750.0</Time><Position>0.43055560537082704</Position></ControlPoint>
						<ControlPoint><Time>12083.3</Time><Position>0.43055560537082704</Position></ControlPoint>
					</ControlPoints>
				</MotionPath>
			</MotionPaths>
		</Channel>
		<Channel id="530" name="RtHand">
			<MotionPaths>
				<MotionPath name="path">
					<Version type="Interpolation">
						<Name>C-Spline Interpolation</Name>
						<Number>1.0</Number>
					</Version>
					<ControlPoints>
						<ControlPoint><Time>41.6667</Time><Position>0.3</Position></ControlPoint>
						<ControlPoint><Time>291.66700000000003</Time><Position>0.161831</Position></ControlPoint>
						<ControlPoint><Time>583.333</Time><Position>0.0</Position></ControlPoint>
						<ControlPoint><Time>1166.67</Time><Position>0.0</Position></ControlPoint>
						<ControlPoint><Time>1541.67</Time><Position>0.0</Position></ControlPoint>
						<ControlPoint><Time>2083.33</Time><Position>0.0</Position></ControlPoint>
						<ControlPoint><Time>2458.33</Time><Position>0.0</Position></ControlPoint>
						<ControlPoint><Time>2833.33</Time><Position>0.0</Position></ControlPoint>
						<ControlPoint><Time>3166.67</Time><Position>0.0</Position></ControlPoint>
						<ControlPoint><Time>3375.0</Time><Position>0.0</Position></ControlPoint>
						<ControlPoint><Time>3541.67</Time><Position>0.0</Position></ControlPoint>
						<ControlPoint><Time>3750.0</Time><Position>0.0</Position></ControlPoint>
						<ControlPoint><Time>4125.0</Time><Position>0.0</Position></ControlPoint>
						<ControlPoint><Time>4291.67</Time><Position>0.0</Position></ControlPoint>
						<ControlPoint><Time>4666.67</Time><Position>0.0</Position></ControlPoint>
						<ControlPoint><Time>4875.0</Time><Position>0.0</Position></ControlPoint>
						<ControlPoint><Time>5416.67</Time><Position>0.0</Position></ControlPoint>
						<ControlPoint><Time>5625.0</Time><Position>0.0</Position></ControlPoint>
						<ControlPoint><Time>6375.0</Time><Position>0.0</Position></ControlPoint>
						<ControlPoint><Time>6750.0</Time><Position>0.0</Position></ControlPoint>
						<ControlPoint><Time>7458.33</Time><Position>0.0</Position></ControlPoint>
						<ControlPoint><Time>7833.33</Time><Position>0.0</Position></ControlPoint>
						<ControlPoint><Time>8208.33</Time><Position>0.0</Position></ControlPoint>
						<ControlPoint><Time>8583.33</Time><Position>0.0</Position></ControlPoint>
						<ControlPoint><Time>8958.33</Time><Position>0.0</Position></ControlPoint>
						<ControlPoint><Time>9166.67</Time><Position>0.0</Position></ControlPoint>
						<ControlPoint><Time>9541.67</Time><Position>0.0</Position></ControlPoint>
						<ControlPoint><Time>10250.0</Time><Position>0.0</Position></ControlPoint>
						<ControlPoint><Time>11000.0</Time><Position>0.0</Position></ControlPoint>
						<ControlPoint><Time>11375.0</Time><Position>0.3</Position></ControlPoint>
						<ControlPoint><Time>11750.0</Time><Position>0.3</Position></ControlPoint>
						<ControlPoint><Time>12083.3</Time><Position>0.3</Position></ControlPoint>
					</ControlPoints>
				</MotionPath>
			</MotionPaths>
		</Channel>
		<Channel id="400" name="LtShoulder_Pitch">
			<MotionPaths>
				<MotionPath name="path">
					<Version type="Interpolation">
						<Name>C-Spline Interpolation</Name>
						<Number>1.0</Number>
					</Version>
					<ControlPoints>
						<ControlPoint><Time>41.6667</Time><Position>0.1851851851851854</Position></ControlPoint>
						<ControlPoint><Time>291.66700000000003</Time><Position>0.1851851851851854</Position></ControlPoint>
						<ControlPoint><Time>583.333</Time><Position>0.1851851851851854</Position></ControlPoint>
						<ControlPoint><Time>1166.67</Time><Position>0.1851851851851854</Position></ControlPoint>
						<ControlPoint><Time>1541.67</Time><Position>0.1851851851851854</Position></ControlPoint>
						<ControlPoint><Time>2083.33</Time><Position>0.1851851851851854</Position></ControlPoint>
						<ControlPoint><Time>2458.33</Time><Position>0.1851851851851854</Position></ControlPoint>
						<ControlPoint><Time>2833.33</Time><Position>0.1851851851851854</Position></ControlPoint>
						<ControlPoint><Time>3166.67</Time><Position>0.46434295536837006</Position></ControlPoint>
						<ControlPoint><Time>3375.0</Time><Position>0.23977808935138584</Position></ControlPoint>
						<ControlPoint><Time>3541.67</Time><Position>0.4409874979861114</Position></ControlPoint>
						<ControlPoint><Time>3750.0</Time><Position>0.26070399347569906</Position></ControlPoint>
						<ControlPoint><Time>4125.0</Time><Position>0.26070399347569906</Position></ControlPoint>
						<ControlPoint><Time>4291.67</Time><Position>0.26070399347569906</Position></ControlPoint>
						<ControlPoint><Time>4666.67</Time><Position>0.1851851851851854</Position></ControlPoint>
						<ControlPoint><Time>4875.0</Time><Position>0.1851851851851854</Position></ControlPoint>
						<ControlPoint><Time>5416.67</Time><Position>0.1851851851851854</Position></ControlPoint>
						<ControlPoint><Time>5625.0</Time><Position>0.1851851851851854</Position></ControlPoint>
						<ControlPoint><Time>6375.0</Time><Position>0.1851851851851854</Position></ControlPoint>
						<ControlPoint><Time>6750.0</Time><Position>0.1851851851851854</Position></ControlPoint>
						<ControlPoint><Time>7458.33</Time><Position>0.1851851851851854</Position></ControlPoint>
						<ControlPoint><Time>7833.33</Time><Position>0.1851851851851854</Position></ControlPoint>
						<ControlPoint><Time>8208.33</Time><Position>0.1851851851851854</Position></ControlPoint>
						<ControlPoint><Time>8583.33</Time><Position>0.1851851851851854</Position></ControlPoint>
						<ControlPoint><Time>8958.33</Time><Position>0.1851851851851854</Position></ControlPoint>
						<ControlPoint><Time>9166.67</Time><Position>0.1851851851851854</Position></ControlPoint>
						<ControlPoint><Time>9541.67</Time><Position>0.1851851851851854</Position></ControlPoint>
						<ControlPoint><Time>10250.0</Time><Position>0.1851851851851854</Position></ControlPoint>
						<ControlPoint><Time>11000.0</Time><Position>0.1851851851851854</Position></ControlPoint>
						<ControlPoint><Time>11375.0</Time><Position>0.2119514391011988</Position></ControlPoint>
						<ControlPoint><Time>11750.0</Time><Position>0.20916771304322615</Position></ControlPoint>
						<ControlPoint><Time>12083.3</Time><Position>0.1851851851851854</Position></ControlPoint>
					</ControlPoints>
				</MotionPath>
			</MotionPaths>
		</Channel>
		<Channel id="401" name="LtShoulder_Roll">
			<MotionPaths>
				<MotionPath name="path">
					<Version type="Interpolation">
						<Name>C-Spline Interpolation</Name>
						<Number>1.0</Number>
					</Version>
					<ControlPoints>
						<ControlPoint><Time>41.6667</Time><Position>0.11111327663404282</Position></ControlPoint>
						<ControlPoint><Time>291.66700000000003</Time><Position>0.27134410714123897</Position></ControlPoint>
						<ControlPoint><Time>583.333</Time><Position>0.45902279913406346</Position></ControlPoint>
						<ControlPoint><Time>1166.67</Time><Position>0.45902279913406346</Position></ControlPoint>
						<ControlPoint><Time>1541.67</Time><Position>0.45902279913406346</Position></ControlPoint>
						<ControlPoint><Time>2083.33</Time><Position>0.45902279913406346</Position></ControlPoint>
						<ControlPoint><Time>2458.33</Time><Position>0.45902279913406346</Position></ControlPoint>
						<ControlPoint><Time>2833.33</Time><Position>0.45902279913406346</Position></ControlPoint>
						<ControlPoint><Time>3166.67</Time><Position>0.45902279913406346</Position></ControlPoint>
						<ControlPoint><Time>3375.0</Time><Position>0.45902279913406346</Position></ControlPoint>
						<ControlPoint><Time>3541.67</Time><Position>0.45902279913406346</Position></ControlPoint>
						<ControlPoint><Time>3750.0</Time><Position>0.45902279913406346</Position></ControlPoint>
						<ControlPoint><Time>4125.0</Time><Position>0.45902279913406346</Position></ControlPoint>
						<ControlPoint><Time>4291.67</Time><Position>0.45902279913406346</Position></ControlPoint>
						<ControlPoint><Time>4666.67</Time><Position>0.45902279913406346</Position></ControlPoint>
						<ControlPoint><Time>4875.0</Time><Position>0.45902279913406346</Position></ControlPoint>
						<ControlPoint><Time>5416.67</Time><Position>0.45902279913406346</Position></ControlPoint>
						<ControlPoint><Time>5625.0</Time><Position>0.45902279913406346</Position></ControlPoint>
						<ControlPoint><Time>6375.0</Time><Position>0.45902279913406346</Position></ControlPoint>
						<ControlPoint><Time>6750.0</Time><Position>0.45902279913406346</Position></ControlPoint>
						<ControlPoint><Time>7458.33</Time><Position>0.6509522013469862</Position></ControlPoint>
						<ControlPoint><Time>7833.33</Time><Position>0.6509522013469862</Position></ControlPoint>
						<ControlPoint><Time>8208.33</Time><Position>0.6509522013469862</Position></ControlPoint>
						<ControlPoint><Time>8583.33</Time><Position>0.6509522013469862</Position></ControlPoint>
						<ControlPoint><Time>8958.33</Time><Position>0.6509522013469862</Position></ControlPoint>
						<ControlPoint><Time>9166.67</Time><Position>0.6509522013469862</Position></ControlPoint>
						<ControlPoint><Time>9541.67</Time><Position>0.45902279913406346</Position></ControlPoint>
						<ControlPoint><Time>10250.0</Time><Position>0.45902279913406346</Position></ControlPoint>
						<ControlPoint><Time>11000.0</Time><Position>0.45902279913406346</Position></ControlPoint>
						<ControlPoint><Time>11375.0</Time><Position>0.1656142953464313</Position></ControlPoint>
						<ControlPoint><Time>11750.0</Time><Position>0.13901632125691388</Position></ControlPoint>
						<ControlPoint><Time>12083.3</Time><Position>0.11111327663404282</Position></ControlPoint>
					</ControlPoints>
				</MotionPath>
			</MotionPaths>
		</Channel>
		<Channel id="430" name="LtHand">
			<MotionPaths>
				<MotionPath name="path">
					<Version type="Interpolation">
						<Name>C-Spline Interpolation</Name>
						<Number>1.0</Number>
					</Version>
					<ControlPoints>
						<ControlPoint><Time>41.6667</Time><Position>0.3</Position></ControlPoint>
						<ControlPoint><Time>291.66700000000003</Time><Position>0.20788700000000002</Position></ControlPoint>
						<ControlPoint><Time>583.333</Time><Position>0.1</Position></ControlPoint>
						<ControlPoint><Time>1166.67</Time><Position>0.1</Position></ControlPoint>
						<ControlPoint><Time>1541.67</Time><Position>0.1</Position></ControlPoint>
						<ControlPoint><Time>2083.33</Time><Position>0.1</Position></ControlPoint>
						<ControlPoint><Time>2458.33</Time><Position>0.1</Position></ControlPoint>
						<ControlPoint><Time>2833.33</Time><Position>0.1</Position></ControlPoint>
						<ControlPoint><Time>3166.67</Time><Position>0.1</Position></ControlPoint>
						<ControlPoint><Time>3375.0</Time><Position>0.1</Position></ControlPoint>
						<ControlPoint><Time>3541.67</Time><Position>0.1</Position></ControlPoint>
						<ControlPoint><Time>3750.0</Time><Position>0.1</Position></ControlPoint>
						<ControlPoint><Time>4125.0</Time><Position>0.1</Position></ControlPoint>
						<ControlPoint><Time>4291.67</Time><Position>0.1</Position></ControlPoint>
						<ControlPoint><Time>4666.67</Time><Position>0.1</Position></ControlPoint>
						<ControlPoint><Time>4875.0</Time><Position>0.1</Position></ControlPoint>
						<ControlPoint><Time>5416.67</Time><Position>0.1</Position></ControlPoint>
						<ControlPoint><Time>5625.0</Time><Position>0.1</Position></ControlPoint>
						<ControlPoint><Time>6375.0</Time><Position>0.1</Position></ControlPoint>
						<ControlPoint><Time>6750.0</Time><Position>0.1</Position></ControlPoint>
						<ControlPoint><Time>7458.33</Time><Position>0.1</Position></ControlPoint>
						<ControlPoint><Time>7833.33</Time><Position>0.1</Position></ControlPoint>
						<ControlPoint><Time>8208.33</Time><Position>0.1</Position></ControlPoint>
						<ControlPoint><Time>8583.33</Time><Position>0.1</Position></ControlPoint>
						<ControlPoint><Time>8958.33</Time><Position>0.1</Position></ControlPoint>
						<ControlPoint><Time>9166.67</Time><Position>0.1</Position></ControlPoint>
						<ControlPoint><Time>9541.67</Time><Position>0.1</Position></ControlPoint>
						<ControlPoint><Time>10250.0</Time><Position>0.1</Position></ControlPoint>
						<ControlPoint><Time>11000.0</Time><Position>0.1</Position></ControlPoint>
						<ControlPoint><Time>11375.0</Time><Position>0.3</Position></ControlPoint>
						<ControlPoint><Time>11750.0</Time><Position>0.3</Position></ControlPoint>
						<ControlPoint><Time>12083.3</Time><Position>0.3</Position></ControlPoint>
					</ControlPoints>
				</MotionPath>
			</MotionPaths>
		</Channel>
		<Channel id="202" name="Neck_Pitch">
			<MotionPaths>
				<MotionPath name="path">
					<Version type="Interpolation">
						<Name>C-Spline Interpolation</Name>
						<Number>1.0</Number>
					</Version>
					<ControlPoints>
						<ControlPoint><Time>41.6667</Time><Position>0.5</Position></ControlPoint>
						<ControlPoint><Time>291.66700000000003</Time><Position>0.5534903084293824</Position></ControlPoint>
						<ControlPoint><Time>583.333</Time><Position>0.6161408369041985</Position></ControlPoint>
						<ControlPoint><Time>1166.67</Time><Position>0.6161408369041985</Position></ControlPoint>
						<ControlPoint><Time>1541.67</Time><Position>0.3691100835335438</Position></ControlPoint>
						<ControlPoint><Time>2083.33</Time><Position>0.3691100835335438</Position></ControlPoint>
						<ControlPoint><Time>2458.33</Time><Position>0.3691100835335438</Position></ControlPoint>
						<ControlPoint><Time>2833.33</Time><Position>0.3691100835335438</Position></ControlPoint>
						<ControlPoint><Time>3166.67</Time><Position>0.3691100835335438</Position></ControlPoint>
						<ControlPoint><Time>3375.0</Time><Position>0.3691100835335438</Position></ControlPoint>
						<ControlPoint><Time>3541.67</Time><Position>0.3691100835335438</Position></ControlPoint>
						<ControlPoint><Time>3750.0</Time><Position>0.3691100835335438</Position></ControlPoint>
						<ControlPoint><Time>4125.0</Time><Position>0.3691100835335438</Position></ControlPoint>
						<ControlPoint><Time>4291.67</Time><Position>0.3691100835335438</Position></ControlPoint>
						<ControlPoint><Time>4666.67</Time><Position>0.6161408369041985</Position></ControlPoint>
						<ControlPoint><Time>4875.0</Time><Position>0.6161408369041985</Position></ControlPoint>
						<ControlPoint><Time>5416.67</Time><Position>0.6161408369041985</Position></ControlPoint>
						<ControlPoint><Time>5625.0</Time><Position>0.6161408369041985</Position></ControlPoint>
						<ControlPoint><Time>6375.0</Time><Position>0.6161408369041985</Position></ControlPoint>
						<ControlPoint><Time>6750.0</Time><Position>0.6161408369041985</Position></ControlPoint>
						<ControlPoint><Time>7458.33</Time><Position>0.381474512752467</Position></ControlPoint>
						<ControlPoint><Time>7833.33</Time><Position>0.381474512752467</Position></ControlPoint>
						<ControlPoint><Time>8208.33</Time><Position>0.3814756586680573</Position></ControlPoint>
						<ControlPoint><Time>8583.33</Time><Position>0.3814768045836475</Position></ControlPoint>
						<ControlPoint><Time>8958.33</Time><Position>0.3814768045836475</Position></ControlPoint>
						<ControlPoint><Time>9166.67</Time><Position>0.38148024233041833</Position></ControlPoint>
						<ControlPoint><Time>9541.67</Time><Position>0.6161408369041985</Position></ControlPoint>
						<ControlPoint><Time>10250.0</Time><Position>0.6161408369041985</Position></ControlPoint>
						<ControlPoint><Time>11000.0</Time><Position>0.6161408369041985</Position></ControlPoint>
						<ControlPoint><Time>11375.0</Time><Position>0.4393846176134886</Position></ControlPoint>
						<ControlPoint><Time>11750.0</Time><Position>0.44568864305019507</Position></ControlPoint>
						<ControlPoint><Time>12083.3</Time><Position>0.5</Position></ControlPoint>
					</ControlPoints>
				</MotionPath>
			</MotionPaths>
		</Channel>
		<Channel id="200" name="Neck_Yaw">
			<MotionPaths>
				<MotionPath name="path">
					<Version type="Interpolation">
						<Name>C-Spline Interpolation</Name>
						<Number>1.0</Number>
					</Version>
					<ControlPoints>
						<ControlPoint><Time>41.6667</Time><Position>0.5</Position></ControlPoint>
						<ControlPoint><Time>291.66700000000003</Time><Position>0.5178335023593785</Position></ControlPoint>
						<ControlPoint><Time>583.333</Time><Position>0.5387211244147134</Position></ControlPoint>
						<ControlPoint><Time>1166.67</Time><Position>0.5387211244147134</Position></ControlPoint>
						<ControlPoint><Time>1541.67</Time><Position>0.5387211244147134</Position></ControlPoint>
						<ControlPoint><Time>2083.33</Time><Position>0.5387211244147134</Position></ControlPoint>
						<ControlPoint><Time>2458.33</Time><Position>0.5387211244147134</Position></ControlPoint>
						<ControlPoint><Time>2833.33</Time><Position>0.5387211244147134</Position></ControlPoint>
						<ControlPoint><Time>3166.67</Time><Position>0.5387211244147134</Position></ControlPoint>
						<ControlPoint><Time>3375.0</Time><Position>0.5387211244147134</Position></ControlPoint>
						<ControlPoint><Time>3541.67</Time><Position>0.5387211244147134</Position></ControlPoint>
						<ControlPoint><Time>3750.0</Time><Position>0.5387211244147134</Position></ControlPoint>
						<ControlPoint><Time>4125.0</Time><Position>0.5387211244147134</Position></ControlPoint>
						<ControlPoint><Time>4291.67</Time><Position>0.5387211244147134</Position></ControlPoint>
						<ControlPoint><Time>4666.67</Time><Position>0.5387211244147134</Position></ControlPoint>
						<ControlPoint><Time>4875.0</Time><Position>0.5387211244147134</Position></ControlPoint>
						<ControlPoint><Time>5416.67</Time><Position>0.5387211244147134</Position></ControlPoint>
						<ControlPoint><Time>5625.0</Time><Position>0.5387211244147134</Position></ControlPoint>
						<ControlPoint><Time>6375.0</Time><Position>0.5387211244147134</Position></ControlPoint>
						<ControlPoint><Time>6750.0</Time><Position>0.5387211244147134</Position></ControlPoint>
						<ControlPoint><Time>7458.33</Time><Position>0.6246775260797843</Position></ControlPoint>
						<ControlPoint><Time>7833.33</Time><Position>0.6246775260797843</Position></ControlPoint>
						<ControlPoint><Time>8208.33</Time><Position>0.6246775260797843</Position></ControlPoint>
						<ControlPoint><Time>8583.33</Time><Position>0.6246775260797843</Position></ControlPoint>
						<ControlPoint><Time>8958.33</Time><Position>0.6246775260797843</Position></ControlPoint>
						<ControlPoint><Time>9166.67</Time><Position>0.6246775260797843</Position></ControlPoint>
						<ControlPoint><Time>9541.67</Time><Position>0.5387211244147134</Position></ControlPoint>
						<ControlPoint><Time>10250.0</Time><Position>0.5387211244147134</Position></ControlPoint>
						<ControlPoint><Time>11000.0</Time><Position>0.5387211244147134</Position></ControlPoint>
						<ControlPoint><Time>11375.0</Time><Position>0.5036971502294316</Position></ControlPoint>
						<ControlPoint><Time>11750.0</Time><Position>0.501892944329751</Position></ControlPoint>
						<ControlPoint><Time>12083.3</Time><Position>0.5</Position></ControlPoint>
					</ControlPoints>
				</MotionPath>
			</MotionPaths>
		</Channel>
		<Channel id="201" name="Neck_Roll">
			<MotionPaths>
				<MotionPath name="path">
					<Version type="Interpolation">
						<Name>C-Spline Interpolation</Name>
						<Number>1.0</Number>
					</Version>
					<ControlPoints>
						<ControlPoint><Time>41.6667</Time><Position>0.5</Position></ControlPoint>
						<ControlPoint><Time>291.66700000000003</Time><Position>0.5174230735921332</Position></ControlPoint>
						<ControlPoint><Time>583.333</Time><Position>0.5378299967897487</Position></ControlPoint>
						<ControlPoint><Time>1166.67</Time><Position>0.5378299967897487</Position></ControlPoint>
						<ControlPoint><Time>1541.67</Time><Position>0.5378299967897487</Position></ControlPoint>
						<ControlPoint><Time>2083.33</Time><Position>0.5378299967897487</Position></ControlPoint>
						<ControlPoint><Time>2458.33</Time><Position>0.5378299967897487</Position></ControlPoint>
						<ControlPoint><Time>2833.33</Time><Position>0.5378299967897487</Position></ControlPoint>
						<ControlPoint><Time>3166.67</Time><Position>0.5378299967897487</Position></ControlPoint>
						<ControlPoint><Time>3375.0</Time><Position>0.5378299967897487</Position></ControlPoint>
						<ControlPoint><Time>3541.67</Time><Position>0.5378299967897487</Position></ControlPoint>
						<ControlPoint><Time>3750.0</Time><Position>0.5378299967897487</Position></ControlPoint>
						<ControlPoint><Time>4125.0</Time><Position>0.5378299967897487</Position></ControlPoint>
						<ControlPoint><Time>4291.67</Time><Position>0.5378299967897487</Position></ControlPoint>
						<ControlPoint><Time>4666.67</Time><Position>0.5378299967897487</Position></ControlPoint>
						<ControlPoint><Time>4875.0</Time><Position>0.5378299967897487</Position></ControlPoint>
						<ControlPoint><Time>5416.67</Time><Position>0.5378299967897487</Position></ControlPoint>
						<ControlPoint><Time>5625.0</Time><Position>0.5378299967897487</Position></ControlPoint>
						<ControlPoint><Time>6375.0</Time><Position>0.5378299967897487</Position></ControlPoint>
						<ControlPoint><Time>6750.0</Time><Position>0.5378299967897487</Position></ControlPoint>
						<ControlPoint><Time>7458.33</Time><Position>0.2723764730660166</Position></ControlPoint>
						<ControlPoint><Time>7833.33</Time><Position>0.2723764730660166</Position></ControlPoint>
						<ControlPoint><Time>8208.33</Time><Position>0.2723764730660166</Position></ControlPoint>
						<ControlPoint><Time>8583.33</Time><Position>0.27237761898160684</Position></ControlPoint>
						<ControlPoint><Time>8958.33</Time><Position>0.27237761898160684</Position></ControlPoint>
						<ControlPoint><Time>9166.67</Time><Position>0.2723799108127874</Position></ControlPoint>
						<ControlPoint><Time>9541.67</Time><Position>0.5378299967897487</Position></ControlPoint>
						<ControlPoint><Time>10250.0</Time><Position>0.5378299967897487</Position></ControlPoint>
						<ControlPoint><Time>11000.0</Time><Position>0.5378299967897487</Position></ControlPoint>
						<ControlPoint><Time>11375.0</Time><Position>0.3365282655556344</Position></ControlPoint>
						<ControlPoint><Time>11750.0</Time><Position>0.35352906925275623</Position></ControlPoint>
						<ControlPoint><Time>12083.3</Time><Position>0.5</Position></ControlPoint>
					</ControlPoints>
				</MotionPath>
			</MotionPaths>
		</Channel>
		<Channel id="300" name="Brows_Up">
			<MotionPaths>
				<MotionPath name="path">
					<Version type="Interpolation">
						<Name>C-Spline Interpolation</Name>
						<Number>1.0</Number>
					</Version>
					<ControlPoints>
						<ControlPoint><Time>41.6667</Time><Position>0.5</Position></ControlPoint>
						<ControlPoint><Time>291.66700000000003</Time><Position>0.140673</Position></ControlPoint>
						<ControlPoint><Time>583.333</Time><Position>0.5</Position></ControlPoint>
						<ControlPoint><Time>1166.67</Time><Position>0.5</Position></ControlPoint>
						<ControlPoint><Time>1375.0</Time><Position>0.318228</Position></ControlPoint>
						<ControlPoint><Time>1541.67</Time><Position>0.5</Position></ControlPoint>
						<ControlPoint><Time>2083.33</Time><Position>0.5</Position></ControlPoint>
						<ControlPoint><Time>2291.67</Time><Position>0.283385</Position></ControlPoint>
						<ControlPoint><Time>2458.33</Time><Position>0.5</Position></ControlPoint>
						<ControlPoint><Time>2833.33</Time><Position>0.5</Position></ControlPoint>
						<ControlPoint><Time>3166.67</Time><Position>0.5</Position></ControlPoint>
						<ControlPoint><Time>3375.0</Time><Position>0.5</Position></ControlPoint>
						<ControlPoint><Time>3541.67</Time><Position>0.5</Position></ControlPoint>
						<ControlPoint><Time>3750.0</Time><Position>0.5</Position></ControlPoint>
						<ControlPoint><Time>3916.67</Time><Position>0.306932</Position></ControlPoint>
						<ControlPoint><Time>4125.0</Time><Position>0.5</Position></ControlPoint>
						<ControlPoint><Time>4291.67</Time><Position>0.5</Position></ControlPoint>
						<ControlPoint><Time>4666.67</Time><Position>0.5</Position></ControlPoint>
						<ControlPoint><Time>4875.0</Time><Position>0.5</Position></ControlPoint>
						<ControlPoint><Time>5416.67</Time><Position>0.5</Position></ControlPoint>
						<ControlPoint><Time>5625.0</Time><Position>0.5</Position></ControlPoint>
						<ControlPoint><Time>6000.0</Time><Position>0.232475</Position></ControlPoint>
						<ControlPoint><Time>6375.0</Time><Position>0.5</Position></ControlPoint>
						<ControlPoint><Time>6750.0</Time><Position>0.5</Position></ControlPoint>
						<ControlPoint><Time>7458.33</Time><Position>1.0</Position></ControlPoint>
						<ControlPoint><Time>9166.67</Time><Position>1.0</Position></ControlPoint>
						<ControlPoint><Time>9333.33</Time><Position>0.319781</Position></ControlPoint>
						<ControlPoint><Time>9541.67</Time><Position>0.5</Position></ControlPoint>
						<ControlPoint><Time>10250.0</Time><Position>0.5</Position></ControlPoint>
						<ControlPoint><Time>10625.0</Time><Position>0.225678</Position></ControlPoint>
						<ControlPoint><Time>11000.0</Time><Position>0.5</Position></ControlPoint>
						<ControlPoint><Time>11375.0</Time><Position>0.933458</Position></ControlPoint>
						<ControlPoint><Time>11750.0</Time><Position>0.888379</Position></ControlPoint>
						<ControlPoint><Time>12083.3</Time><Position>0.5</Position></ControlPoint>
					</ControlPoints>
				</MotionPath>
			</MotionPaths>
		</Channel>
		<Channel id="301" name="Blink_Open">
			<MotionPaths>
				<MotionPath name="path">
					<Version type="Interpolation">
						<Name>C-Spline Interpolation</Name>
						<Number>1.0</Number>
					</Version>
					<ControlPoints>
						<ControlPoint><Time>41.6667</Time><Position>0.5</Position></ControlPoint>
						<ControlPoint><Time>291.66700000000003</Time><Position>0.1</Position></ControlPoint>
						<ControlPoint><Time>583.333</Time><Position>0.5</Position></ControlPoint>
						<ControlPoint><Time>1166.67</Time><Position>0.5</Position></ControlPoint>
						<ControlPoint><Time>1375.0</Time><Position>0.1</Position></ControlPoint>
						<ControlPoint><Time>1541.67</Time><Position>0.5</Position></ControlPoint>
						<ControlPoint><Time>2083.33</Time><Position>0.5</Position></ControlPoint>
						<ControlPoint><Time>2291.67</Time><Position>0.1</Position></ControlPoint>
						<ControlPoint><Time>2458.33</Time><Position>0.5</Position></ControlPoint>
						<ControlPoint><Time>2833.33</Time><Position>0.5</Position></ControlPoint>
						<ControlPoint><Time>3166.67</Time><Position>0.5</Position></ControlPoint>
						<ControlPoint><Time>3750.0</Time><Position>0.5</Position></ControlPoint>
						<ControlPoint><Time>3916.67</Time><Position>0.1</Position></ControlPoint>
						<ControlPoint><Time>4125.0</Time><Position>0.5</Position></ControlPoint>
						<ControlPoint><Time>4291.67</Time><Position>0.5</Position></ControlPoint>
						<ControlPoint><Time>4500.0</Time><Position>0.1</Position></ControlPoint>
						<ControlPoint><Time>4666.67</Time><Position>0.5</Position></ControlPoint>
						<ControlPoint><Time>4875.0</Time><Position>0.5</Position></ControlPoint>
						<ControlPoint><Time>5416.67</Time><Position>0.5</Position></ControlPoint>
						<ControlPoint><Time>5625.0</Time><Position>0.5</Position></ControlPoint>
						<ControlPoint><Time>6000.0</Time><Position>0.1</Position></ControlPoint>
						<ControlPoint><Time>6375.0</Time><Position>0.5</Position></ControlPoint>
						<ControlPoint><Time>6750.0</Time><Position>0.5</Position></ControlPoint>
						<ControlPoint><Time>7458.33</Time><Position>0.5</Position></ControlPoint>
						<ControlPoint><Time>7833.33</Time><Position>0.5</Position></ControlPoint>
						<ControlPoint><Time>8208.33</Time><Position>0.5</Position></ControlPoint>
						<ControlPoint><Time>8583.33</Time><Position>0.5</Position></ControlPoint>
						<ControlPoint><Time>8958.33</Time><Position>0.5</Position></ControlPoint>
						<ControlPoint><Time>9166.67</Time><Position>0.5</Position></ControlPoint>
						<ControlPoint><Time>9333.33</Time><Position>0.1</Position></ControlPoint>
						<ControlPoint><Time>9541.67</Time><Position>0.5</Position></ControlPoint>
						<ControlPoint><Time>10250.0</Time><Position>0.5</Position></ControlPoint>
						<ControlPoint><Time>10625.0</Time><Position>0.1</Position></ControlPoint>
						<ControlPoint><Time>11000.0</Time><Position>0.5</Position></ControlPoint>
						<ControlPoint><Time>11375.0</Time><Position>0.5</Position></ControlPoint>
						<ControlPoint><Time>11750.0</Time><Position>0.5</Position></ControlPoint>
						<ControlPoint><Time>12083.3</Time><Position>0.5</Position></ControlPoint>
					</ControlPoints>
				</MotionPath>
			</MotionPaths>
		</Channel>
		<Channel id="320" name="LtSmile">
			<MotionPaths>
				<MotionPath name="path">
					<Version type="Interpolation">
						<Name>C-Spline Interpolation</Name>
						<Number>1.0</Number>
					</Version>
					<ControlPoints>
						<ControlPoint><Time>41.6667</Time><Position>0.5</Position></ControlPoint>
						<ControlPoint><Time>291.66700000000003</Time><Position>0.5</Position></ControlPoint>
						<ControlPoint><Time>583.333</Time><Position>0.6894133333333333</Position></ControlPoint>
						<ControlPoint><Time>1166.67</Time><Position>0.5</Position></ControlPoint>
						<ControlPoint><Time>1541.67</Time><Position>0.634668</Position></ControlPoint>
						<ControlPoint><Time>2083.33</Time><Position>0.66303</Position></ControlPoint>
						<ControlPoint><Time>2458.33</Time><Position>0.5</Position></ControlPoint>
						<ControlPoint><Time>2833.33</Time><Position>0.5</Position></ControlPoint>
						<ControlPoint><Time>3166.67</Time><Position>0.9372086666666667</Position></ControlPoint>
						<ControlPoint><Time>3750.0</Time><Position>0.919832</Position></ControlPoint>
						<ControlPoint><Time>4125.0</Time><Position>0.5</Position></ControlPoint>
						<ControlPoint><Time>4291.67</Time><Position>0.5</Position></ControlPoint>
						<ControlPoint><Time>4666.67</Time><Position>0.5</Position></ControlPoint>
						<ControlPoint><Time>4875.0</Time><Position>0.5</Position></ControlPoint>
						<ControlPoint><Time>5416.67</Time><Position>0.5</Position></ControlPoint>
						<ControlPoint><Time>5625.0</Time><Position>0.5</Position></ControlPoint>
						<ControlPoint><Time>6375.0</Time><Position>0.5</Position></ControlPoint>
						<ControlPoint><Time>6750.0</Time><Position>0.750086</Position></ControlPoint>
						<ControlPoint><Time>7458.33</Time><Position>0.5</Position></ControlPoint>
						<ControlPoint><Time>7833.33</Time><Position>0.5</Position></ControlPoint>
						<ControlPoint><Time>8208.33</Time><Position>0.5</Position></ControlPoint>
						<ControlPoint><Time>8583.33</Time><Position>0.5</Position></ControlPoint>
						<ControlPoint><Time>8958.33</Time><Position>0.5</Position></ControlPoint>
						<ControlPoint><Time>9166.67</Time><Position>0.5</Position></ControlPoint>
						<ControlPoint><Time>9541.67</Time><Position>0.5</Position></ControlPoint>
						<ControlPoint><Time>10250.0</Time><Position>0.5</Position></ControlPoint>
						<ControlPoint><Time>11000.0</Time><Position>0.5</Position></ControlPoint>
						<ControlPoint><Time>11375.0</Time><Position>0.962974</Position></ControlPoint>
						<ControlPoint><Time>11750.0</Time><Position>0.9148246666666667</Position></ControlPoint>
						<ControlPoint><Time>12083.3</Time><Position>0.5</Position></ControlPoint>
					</ControlPoints>
				</MotionPath>
			</MotionPaths>
		</Channel>
		<Channel id="321" name="RtSmile">
			<MotionPaths>
				<MotionPath name="path">
					<Version type="Interpolation">
						<Name>C-Spline Interpolation</Name>
						<Number>1.0</Number>
					</Version>
					<ControlPoints>
						<ControlPoint><Time>41.6667</Time><Position>0.5</Position></ControlPoint>
						<ControlPoint><Time>291.66700000000003</Time><Position>0.5</Position></ControlPoint>
						<ControlPoint><Time>583.333</Time><Position>0.6894133333333333</Position></ControlPoint>
						<ControlPoint><Time>1166.67</Time><Position>0.5</Position></ControlPoint>
						<ControlPoint><Time>1541.67</Time><Position>0.634668</Position></ControlPoint>
						<ControlPoint><Time>2083.33</Time><Position>0.66303</Position></ControlPoint>
						<ControlPoint><Time>2458.33</Time><Position>0.5</Position></ControlPoint>
						<ControlPoint><Time>2833.33</Time><Position>0.5</Position></ControlPoint>
						<ControlPoint><Time>3166.67</Time><Position>0.9372086666666667</Position></ControlPoint>
						<ControlPoint><Time>3750.0</Time><Position>0.919832</Position></ControlPoint>
						<ControlPoint><Time>4125.0</Time><Position>0.5</Position></ControlPoint>
						<ControlPoint><Time>4291.67</Time><Position>0.5</Position></ControlPoint>
						<ControlPoint><Time>4666.67</Time><Position>0.5</Position></ControlPoint>
						<ControlPoint><Time>4875.0</Time><Position>0.5</Position></ControlPoint>
						<ControlPoint><Time>5416.67</Time><Position>0.5</Position></ControlPoint>
						<ControlPoint><Time>5625.0</Time><Position>0.5</Position></ControlPoint>
						<ControlPoint><Time>6375.0</Time><Position>0.5</Position></ControlPoint>
						<ControlPoint><Time>6750.0</Time><Position>0.750086</Position></ControlPoint>
						<ControlPoint><Time>7458.33</Time><Position>0.5</Position></ControlPoint>
						<ControlPoint><Time>7833.33</Time><Position>0.5</Position></ControlPoint>
						<ControlPoint><Time>8208.33</Time><Position>0.5</Position></ControlPoint>
						<ControlPoint><Time>8583.33</Time><Position>0.5</Position></ControlPoint>
						<ControlPoint><Time>8958.33</Time><Position>0.5</Position></ControlPoint>
						<ControlPoint><Time>9166.67</Time><Position>0.5</Position></ControlPoint>
						<ControlPoint><Time>9541.67</Time><Position>0.5</Position></ControlPoint>
						<ControlPoint><Time>10250.0</Time><Position>0.5</Position></ControlPoint>
						<ControlPoint><Time>11000.0</Time><Position>0.5</Position></ControlPoint>
						<ControlPoint><Time>11375.0</Time><Position>0.962974</Position></ControlPoint>
						<ControlPoint><Time>11750.0</Time><Position>0.9148246666666667</Position></ControlPoint>
						<ControlPoint><Time>12083.3</Time><Position>0.5</Position></ControlPoint>
					</ControlPoints>
				</MotionPath>
			</MotionPaths>
		</Channel>
		<Channel id="322" name="Jaw">
			<MotionPaths>
				<MotionPath name="path">
					<Version type="Interpolation">
						<Name>C-Spline Interpolation</Name>
						<Number>1.0</Number>
					</Version>
					<ControlPoints>
						<ControlPoint><Time>41.6667</Time><Position>0.0</Position></ControlPoint>
						<ControlPoint><Time>291.66700000000003</Time><Position>0.0</Position></ControlPoint>
						<ControlPoint><Time>583.333</Time><Position>0.0</Position></ControlPoint>
						<ControlPoint><Time>1166.67</Time><Position>0.3054973262032086</Position></ControlPoint>
						<ControlPoint><Time>1541.67</Time><Position>0.13124713521772347</Position></ControlPoint>
						<ControlPoint><Time>2083.33</Time><Position>0.13126623376623378</Position></ControlPoint>
						<ControlPoint><Time>2458.33</Time><Position>0.0</Position></ControlPoint>
						<ControlPoint><Time>2833.33</Time><Position>0.0</Position></ControlPoint>
						<ControlPoint><Time>3166.67</Time><Position>0.0</Position></ControlPoint>
						<ControlPoint><Time>3375.0</Time><Position>0.0</Position></ControlPoint>
						<ControlPoint><Time>3541.67</Time><Position>0.0</Position></ControlPoint>
						<ControlPoint><Time>3750.0</Time><Position>0.0</Position></ControlPoint>
						<ControlPoint><Time>4125.0</Time><Position>0.38854851031321624</Position></ControlPoint>
						<ControlPoint><Time>4291.67</Time><Position>0.388533231474408</Position></ControlPoint>
						<ControlPoint><Time>4666.67</Time><Position>0.16633269671504966</Position></ControlPoint>
						<ControlPoint><Time>4875.0</Time><Position>0.0</Position></ControlPoint>
						<ControlPoint><Time>5416.67</Time><Position>0.0</Position></ControlPoint>
						<ControlPoint><Time>5625.0</Time><Position>0.0</Position></ControlPoint>
						<ControlPoint><Time>6375.0</Time><Position>0.0</Position></ControlPoint>
						<ControlPoint><Time>6750.0</Time><Position>0.0</Position></ControlPoint>
						<ControlPoint><Time>7458.33</Time><Position>0.0</Position></ControlPoint>
						<ControlPoint><Time>7833.33</Time><Position>0.0</Position></ControlPoint>
						<ControlPoint><Time>8208.33</Time><Position>0.0</Position></ControlPoint>
						<ControlPoint><Time>8583.33</Time><Position>0.0</Position></ControlPoint>
						<ControlPoint><Time>8958.33</Time><Position>0.0</Position></ControlPoint>
						<ControlPoint><Time>9166.67</Time><Position>0.0</Position></ControlPoint>
						<ControlPoint><Time>9541.67</Time><Position>0.0</Position></ControlPoint>
						<ControlPoint><Time>10250.0</Time><Position>0.3171531703590527</Position></ControlPoint>
						<ControlPoint><Time>11000.0</Time><Position>0.31713254392666157</Position></ControlPoint>
						<ControlPoint><Time>11375.0</Time><Position>0.0</Position></ControlPoint>
						<ControlPoint><Time>11750.0</Time><Position>0.0</Position></ControlPoint>
						<ControlPoint><Time>12083.3</Time><Position>0.0</Position></ControlPoint>
					</ControlPoints>
				</MotionPath>
			</MotionPaths>
		</Channel>
		<Channel id="411" name="LtElbow_Pitch">
			<MotionPaths>
				<MotionPath name="path">
					<Version type="Interpolation">
						<Name>C-Spline Interpolation</Name>
						<Number>1.0</Number>
					</Version>
					<ControlPoints>
						<ControlPoint><Time>41.6667</Time><Position>0.1111111111111114</Position></ControlPoint>
						<ControlPoint><Time>291.66700000000003</Time><Position>0.6501700442895</Position></ControlPoint>
						<ControlPoint><Time>583.333</Time><Position>1.0</Position></ControlPoint>
						<ControlPoint><Time>1166.67</Time><Position>1.0</Position></ControlPoint>
						<ControlPoint><Time>1541.67</Time><Position>1.0</Position></ControlPoint>
						<ControlPoint><Time>2083.33</Time><Position>1.0</Position></ControlPoint>
						<ControlPoint><Time>2458.33</Time><Position>1.0</Position></ControlPoint>
						<ControlPoint><Time>2833.33</Time><Position>1.0</Position></ControlPoint>
						<ControlPoint><Time>3166.67</Time><Position>1.0</Position></ControlPoint>
						<ControlPoint><Time>3375.0</Time><Position>1.0</Position></ControlPoint>
						<ControlPoint><Time>3541.67</Time><Position>1.0</Position></ControlPoint>
						<ControlPoint><Time>3750.0</Time><Position>1.0</Position></ControlPoint>
						<ControlPoint><Time>4125.0</Time><Position>1.0</Position></ControlPoint>
						<ControlPoint><Time>4291.67</Time><Position>1.0</Position></ControlPoint>
						<ControlPoint><Time>4666.67</Time><Position>1.0</Position></ControlPoint>
						<ControlPoint><Time>4875.0</Time><Position>1.0</Position></ControlPoint>
						<ControlPoint><Time>5416.67</Time><Position>1.0</Position></ControlPoint>
						<ControlPoint><Time>5625.0</Time><Position>1.0</Position></ControlPoint>
						<ControlPoint><Time>6375.0</Time><Position>1.0</Position></ControlPoint>
						<ControlPoint><Time>6750.0</Time><Position>1.0</Position></ControlPoint>
						<ControlPoint><Time>7458.33</Time><Position>0.5543701075482669</Position></ControlPoint>
						<ControlPoint><Time>7833.33</Time><Position>0.21331110221931962</Position></ControlPoint>
						<ControlPoint><Time>8208.33</Time><Position>0.9061064884215027</Position></ControlPoint>
						<ControlPoint><Time>8583.33</Time><Position>0.1849778232208664</Position></ControlPoint>
						<ControlPoint><Time>8958.33</Time><Position>0.8444651924480752</Position></ControlPoint>
						<ControlPoint><Time>9166.67</Time><Position>0.8444651924480752</Position></ControlPoint>
						<ControlPoint><Time>9541.67</Time><Position>1.0</Position></ControlPoint>
						<ControlPoint><Time>10250.0</Time><Position>1.0</Position></ControlPoint>
						<ControlPoint><Time>11000.0</Time><Position>1.0</Position></ControlPoint>
						<ControlPoint><Time>11375.0</Time><Position>0.5559839664655916</Position></ControlPoint>
						<ControlPoint><Time>11750.0</Time><Position>0.4492983233783082</Position></ControlPoint>
						<ControlPoint><Time>12083.3</Time><Position>0.1111111111111114</Position></ControlPoint>
					</ControlPoints>
				</MotionPath>
			</MotionPaths>
		</Channel>
		<Channel id="410" name="LtElbow_Yaw">
			<MotionPaths>
				<MotionPath name="path">
					<Version type="Interpolation">
						<Name>C-Spline Interpolation</Name>
						<Number>1.0</Number>
					</Version>
					<ControlPoints>
						<ControlPoint><Time>41.6667</Time><Position>0.5</Position></ControlPoint>
						<ControlPoint><Time>291.66700000000003</Time><Position>0.1972982011198246</Position></ControlPoint>
						<ControlPoint><Time>583.333</Time><Position>0.3113132694231695</Position></ControlPoint>
						<ControlPoint><Time>1166.67</Time><Position>0.3113132694231695</Position></ControlPoint>
						<ControlPoint><Time>1541.67</Time><Position>0.3113132694231695</Position></ControlPoint>
						<ControlPoint><Time>2083.33</Time><Position>0.3113132694231695</Position></ControlPoint>
						<ControlPoint><Time>2458.33</Time><Position>0.3113132694231695</Position></ControlPoint>
						<ControlPoint><Time>2833.33</Time><Position>0.3113132694231695</Position></ControlPoint>
						<ControlPoint><Time>3166.67</Time><Position>0.3113132694231695</Position></ControlPoint>
						<ControlPoint><Time>3375.0</Time><Position>0.3113132694231695</Position></ControlPoint>
						<ControlPoint><Time>3541.67</Time><Position>0.3113132694231695</Position></ControlPoint>
						<ControlPoint><Time>3750.0</Time><Position>0.3113132694231695</Position></ControlPoint>
						<ControlPoint><Time>4125.0</Time><Position>0.3113132694231695</Position></ControlPoint>
						<ControlPoint><Time>4291.67</Time><Position>0.3113132694231695</Position></ControlPoint>
						<ControlPoint><Time>4666.67</Time><Position>0.3113132694231695</Position></ControlPoint>
						<ControlPoint><Time>4875.0</Time><Position>0.3113132694231695</Position></ControlPoint>
						<ControlPoint><Time>5416.67</Time><Position>0.3113132694231695</Position></ControlPoint>
						<ControlPoint><Time>5625.0</Time><Position>0.3113132694231695</Position></ControlPoint>
						<ControlPoint><Time>6375.0</Time><Position>0.3113132694231695</Position></ControlPoint>
						<ControlPoint><Time>6750.0</Time><Position>0.3113132694231695</Position></ControlPoint>
						<ControlPoint><Time>7458.33</Time><Position>0.01010152286312741</Position></ControlPoint>
						<ControlPoint><Time>7833.33</Time><Position>0.09426938445092982</Position></ControlPoint>
						<ControlPoint><Time>8208.33</Time><Position>0.0</Position></ControlPoint>
						<ControlPoint><Time>8583.33</Time><Position>0.0</Position></ControlPoint>
						<ControlPoint><Time>8958.33</Time><Position>0.0</Position></ControlPoint>
						<ControlPoint><Time>9166.67</Time><Position>0.0</Position></ControlPoint>
						<ControlPoint><Time>9541.67</Time><Position>0.3113132694231695</Position></ControlPoint>
						<ControlPoint><Time>10250.0</Time><Position>0.3113132694231695</Position></ControlPoint>
						<ControlPoint><Time>11000.0</Time><Position>0.3113132694231695</Position></ControlPoint>
						<ControlPoint><Time>11375.0</Time><Position>0.358704917220053</Position></ControlPoint>
						<ControlPoint><Time>11750.0</Time><Position>0.38371592421388556</Position></ControlPoint>
						<ControlPoint><Time>12083.3</Time><Position>0.5</Position></ControlPoint>
					</ControlPoints>
				</MotionPath>
			</MotionPaths>
		</Channel>
		<Channel id="511" name="RtElbow_Pitch">
			<MotionPaths>
				<MotionPath name="path">
					<Version type="Interpolation">
						<Name>C-Spline Interpolation</Name>
						<Number>1.0</Number>
					</Version>
					<ControlPoints>
						<ControlPoint><Time>41.6667</Time><Position>0.1111111111111114</Position></ControlPoint>
						<ControlPoint><Time>291.66700000000003</Time><Position>0.3941262907114313</Position></ControlPoint>
						<ControlPoint><Time>583.333</Time><Position>0.7235079678610151</Position></ControlPoint>
						<ControlPoint><Time>1166.67</Time><Position>0.7235079678610151</Position></ControlPoint>
						<ControlPoint><Time>1541.67</Time><Position>0.7235079678610151</Position></ControlPoint>
						<ControlPoint><Time>2083.33</Time><Position>0.7235079678610151</Position></ControlPoint>
						<ControlPoint><Time>2458.33</Time><Position>0.7235079678610151</Position></ControlPoint>
						<ControlPoint><Time>2833.33</Time><Position>0.7235079678610151</Position></ControlPoint>
						<ControlPoint><Time>3166.67</Time><Position>0.7235079678610151</Position></ControlPoint>
						<ControlPoint><Time>3375.0</Time><Position>0.7235079678610151</Position></ControlPoint>
						<ControlPoint><Time>3541.67</Time><Position>0.7235079678610151</Position></ControlPoint>
						<ControlPoint><Time>3750.0</Time><Position>0.7235079678610151</Position></ControlPoint>
						<ControlPoint><Time>4125.0</Time><Position>0.7235079678610151</Position></ControlPoint>
						<ControlPoint><Time>4291.67</Time><Position>0.7235079678610151</Position></ControlPoint>
						<ControlPoint><Time>4666.67</Time><Position>0.7235079678610151</Position></ControlPoint>
						<ControlPoint><Time>4875.0</Time><Position>0.7235079678610151</Position></ControlPoint>
						<ControlPoint><Time>5416.67</Time><Position>0.2740598509205744</Position></ControlPoint>
						<ControlPoint><Time>5625.0</Time><Position>0.2740598509205744</Position></ControlPoint>
						<ControlPoint><Time>6375.0</Time><Position>0.2740598509205744</Position></ControlPoint>
						<ControlPoint><Time>6750.0</Time><Position>0.2740598509205744</Position></ControlPoint>
						<ControlPoint><Time>7458.33</Time><Position>0.2740598509205744</Position></ControlPoint>
						<ControlPoint><Time>7833.33</Time><Position>0.2740598509205744</Position></ControlPoint>
						<ControlPoint><Time>8208.33</Time><Position>0.2740598509205744</Position></ControlPoint>
						<ControlPoint><Time>8583.33</Time><Position>0.2740598509205744</Position></ControlPoint>
						<ControlPoint><Time>8958.33</Time><Position>0.2740598509205744</Position></ControlPoint>
						<ControlPoint><Time>9166.67</Time><Position>0.2740598509205744</Position></ControlPoint>
						<ControlPoint><Time>9541.67</Time><Position>0.2740598509205744</Position></ControlPoint>
						<ControlPoint><Time>10250.0</Time><Position>0.8692017607253832</Position></ControlPoint>
						<ControlPoint><Time>11000.0</Time><Position>0.8692017607253832</Position></ControlPoint>
						<ControlPoint><Time>11375.0</Time><Position>0.4246315208118373</Position></ControlPoint>
						<ControlPoint><Time>11750.0</Time><Position>0.35953980462914237</Position></ControlPoint>
						<ControlPoint><Time>12083.3</Time><Position>0.1111111111111114</Position></ControlPoint>
					</ControlPoints>
				</MotionPath>
			</MotionPaths>
		</Channel>
		<Channel id="510" name="RtElbow_Yaw">
			<MotionPaths>
				<MotionPath name="path">
					<Version type="Interpolation">
						<Name>C-Spline Interpolation</Name>
						<Number>1.0</Number>
					</Version>
					<ControlPoints>
						<ControlPoint><Time>41.6667</Time><Position>0.5</Position></ControlPoint>
						<ControlPoint><Time>291.66700000000003</Time><Position>0.45141769939194965</Position></ControlPoint>
						<ControlPoint><Time>583.333</Time><Position>0.46480244364398055</Position></ControlPoint>
						<ControlPoint><Time>1166.67</Time><Position>0.46480244364398055</Position></ControlPoint>
						<ControlPoint><Time>1541.67</Time><Position>0.46480244364398055</Position></ControlPoint>
						<ControlPoint><Time>2083.33</Time><Position>0.46480244364398055</Position></ControlPoint>
						<ControlPoint><Time>2458.33</Time><Position>0.46480244364398055</Position></ControlPoint>
						<ControlPoint><Time>2833.33</Time><Position>0.46480244364398055</Position></ControlPoint>
						<ControlPoint><Time>3166.67</Time><Position>0.46480244364398055</Position></ControlPoint>
						<ControlPoint><Time>3375.0</Time><Position>0.46480244364398055</Position></ControlPoint>
						<ControlPoint><Time>3541.67</Time><Position>0.46480244364398055</Position></ControlPoint>
						<ControlPoint><Time>3750.0</Time><Position>0.46480244364398055</Position></ControlPoint>
						<ControlPoint><Time>4125.0</Time><Position>0.46480244364398055</Position></ControlPoint>
						<ControlPoint><Time>4291.67</Time><Position>0.46480244364398055</Position></ControlPoint>
						<ControlPoint><Time>4666.67</Time><Position>0.46480244364398055</Position></ControlPoint>
						<ControlPoint><Time>4875.0</Time><Position>0.46480244364398055</Position></ControlPoint>
						<ControlPoint><Time>5416.67</Time><Position>0.0</Position></ControlPoint>
						<ControlPoint><Time>5625.0</Time><Position>0.0</Position></ControlPoint>
						<ControlPoint><Time>6375.0</Time><Position>0.0</Position></ControlPoint>
						<ControlPoint><Time>6750.0</Time><Position>0.0</Position></ControlPoint>
						<ControlPoint><Time>7458.33</Time><Position>0.0</Position></ControlPoint>
						<ControlPoint><Time>7833.33</Time><Position>0.0</Position></ControlPoint>
						<ControlPoint><Time>8208.33</Time><Position>0.0</Position></ControlPoint>
						<ControlPoint><Time>8583.33</Time><Position>0.0</Position></ControlPoint>
						<ControlPoint><Time>8958.33</Time><Position>0.0</Position></ControlPoint>
						<ControlPoint><Time>9166.67</Time><Position>0.0</Position></ControlPoint>
						<ControlPoint><Time>9541.67</Time><Position>0.0</Position></ControlPoint>
						<ControlPoint><Time>10250.0</Time><Position>0.22839895927061823</Position></ControlPoint>
						<ControlPoint><Time>11000.0</Time><Position>0.22839895927061823</Position></ControlPoint>
						<ControlPoint><Time>11375.0</Time><Position>0.4216788299680164</Position></ControlPoint>
						<ControlPoint><Time>11750.0</Time><Position>0.4482025755490579</Position></ControlPoint>
						<ControlPoint><Time>12083.3</Time><Position>0.5</Position></ControlPoint>
					</ControlPoints>
				</MotionPath>
			</MotionPaths>
		</Channel>
	</Channels>
	<AddOns />
	<ChannelsParameters>
		<ChannelsParameter>
			<ChannelId>602</ChannelId>
			<ChannelName>LtHip_Pitch</ChannelName>
			<DefaultPosition>0.1</DefaultPosition>
			<NormalizableRange>
				<Minimum>0.0</Minimum>
				<Maximum>1.0</Maximum>
			</NormalizableRange>
			<GenericParameters />
		</ChannelsParameter>
		<ChannelsParameter>
			<ChannelId>721</ChannelId>
			<ChannelName>RtAnkle_Roll</ChannelName>
			<DefaultPosition>0.5</DefaultPosition>
			<NormalizableRange>
				<Minimum>0.0</Minimum>
				<Maximum>1.0</Maximum>
			</NormalizableRange>
			<GenericParameters />
		</ChannelsParameter>
		<ChannelsParameter>
			<ChannelId>311</ChannelId>
			<ChannelName>LtEye_Yaw</ChannelName>
			<DefaultPosition>0.5</DefaultPosition>
			<NormalizableRange>
				<Minimum>0.0</Minimum>
				<Maximum>1.0</Maximum>
			</NormalizableRange>
			<GenericParameters />
		</ChannelsParameter>
		<ChannelsParameter>
			<ChannelId>701</ChannelId>
			<ChannelName>RtHip_Yaw</ChannelName>
			<DefaultPosition>0.818181818181818</DefaultPosition>
			<NormalizableRange>
				<Minimum>0.0</Minimum>
				<Maximum>1.0</Maximum>
			</NormalizableRange>
			<GenericParameters />
		</ChannelsParameter>
		<ChannelsParameter>
			<ChannelId>620</ChannelId>
			<ChannelName>LtAnkle_Pitch</ChannelName>
			<DefaultPosition>0.7</DefaultPosition>
			<NormalizableRange>
				<Minimum>0.0</Minimum>
				<Maximum>1.0</Maximum>
			</NormalizableRange>
			<GenericParameters />
		</ChannelsParameter>
		<ChannelsParameter>
			<ChannelId>420</ChannelId>
			<ChannelName>LtWrist_Yaw</ChannelName>
			<DefaultPosition>0.5</DefaultPosition>
			<NormalizableRange>
				<Minimum>0.0</Minimum>
				<Maximum>1.0</Maximum>
			</NormalizableRange>
			<GenericParameters />
		</ChannelsParameter>
		<ChannelsParameter>
			<ChannelId>320</ChannelId>
			<ChannelName>LtSmile</ChannelName>
			<DefaultPosition>0.5</DefaultPosition>
			<NormalizableRange>
				<Minimum>0.0</Minimum>
				<Maximum>1.0</Maximum>
			</NormalizableRange>
			<GenericParameters />
		</ChannelsParameter>
		<ChannelsParameter>
			<ChannelId>42</ChannelId>
			<ChannelName>Root_Spin</ChannelName>
			<DefaultPosition>0.5</DefaultPosition>
			<NormalizableRange>
				<Minimum>0.0</Minimum>
				<Maximum>1.0</Maximum>
			</NormalizableRange>
			<GenericParameters />
		</ChannelsParameter>
		<ChannelsParameter>
			<ChannelId>322</ChannelId>
			<ChannelName>Jaw</ChannelName>
			<DefaultPosition>0.364464692482916</DefaultPosition>
			<NormalizableRange>
				<Minimum>0.0</Minimum>
				<Maximum>1.0</Maximum>
			</NormalizableRange>
			<GenericParameters />
		</ChannelsParameter>
		<ChannelsParameter>
			<ChannelId>501</ChannelId>
			<ChannelName>RtShoulder_Roll</ChannelName>
			<DefaultPosition>0.055555555555556</DefaultPosition>
			<NormalizableRange>
				<Minimum>0.0</Minimum>
				<Maximum>1.0</Maximum>
			</NormalizableRange>
			<GenericParameters />
		</ChannelsParameter>
		<ChannelsParameter>
			<ChannelId>510</ChannelId>
			<ChannelName>RtElbow_Yaw</ChannelName>
			<DefaultPosition>0.5</DefaultPosition>
			<NormalizableRange>
				<Minimum>0.0</Minimum>
				<Maximum>1.0</Maximum>
			</NormalizableRange>
			<GenericParameters />
		</ChannelsParameter>
		<ChannelsParameter>
			<ChannelId>500</ChannelId>
			<ChannelName>RtShoulder_Pitch</ChannelName>
			<DefaultPosition>0.185185185185185</DefaultPosition>
			<NormalizableRange>
				<Minimum>0.0</Minimum>
				<Maximum>1.0</Maximum>
			</NormalizableRange>
			<GenericParameters />
		</ChannelsParameter>
		<ChannelsParameter>
			<ChannelId>321</ChannelId>
			<ChannelName>RtSmile</ChannelName>
			<DefaultPosition>0.5</DefaultPosition>
			<NormalizableRange>
				<Minimum>0.0</Minimum>
				<Maximum>1.0</Maximum>
			</NormalizableRange>
			<GenericParameters />
		</ChannelsParameter>
		<ChannelsParameter>
			<ChannelId>621</ChannelId>
			<ChannelName>LtAnkle_Roll</ChannelName>
			<DefaultPosition>0.5</DefaultPosition>
			<NormalizableRange>
				<Minimum>0.0</Minimum>
				<Maximum>1.0</Maximum>
			</NormalizableRange>
			<GenericParameters />
		</ChannelsParameter>
		<ChannelsParameter>
			<ChannelId>310</ChannelId>
			<ChannelName>Eyes_Vert</ChannelName>
			<DefaultPosition>0.67</DefaultPosition>
			<NormalizableRange>
				<Minimum>0.0</Minimum>
				<Maximum>1.0</Maximum>
			</NormalizableRange>
			<GenericParameters />
		</ChannelsParameter>
		<ChannelsParameter>
			<ChannelId>201</ChannelId>
			<ChannelName>Neck_Roll</ChannelName>
			<DefaultPosition>0.5</DefaultPosition>
			<NormalizableRange>
				<Minimum>0.0</Minimum>
				<Maximum>1.0</Maximum>
			</NormalizableRange>
			<GenericParameters />
		</ChannelsParameter>
		<ChannelsParameter>
			<ChannelId>202</ChannelId>
			<ChannelName>Neck_Pitch</ChannelName>
			<DefaultPosition>0.5</DefaultPosition>
			<NormalizableRange>
				<Minimum>0.0</Minimum>
				<Maximum>1.0</Maximum>
			</NormalizableRange>
			<GenericParameters />
		</ChannelsParameter>
		<ChannelsParameter>
			<ChannelId>520</ChannelId>
			<ChannelName>RtWrist_Yaw</ChannelName>
			<DefaultPosition>0.5</DefaultPosition>
			<NormalizableRange>
				<Minimum>0.0</Minimum>
				<Maximum>1.0</Maximum>
			</NormalizableRange>
			<GenericParameters />
		</ChannelsParameter>
		<ChannelsParameter>
			<ChannelId>511</ChannelId>
			<ChannelName>RtElbow_Pitch</ChannelName>
			<DefaultPosition>0.111111111111111</DefaultPosition>
			<NormalizableRange>
				<Minimum>0.0</Minimum>
				<Maximum>1.0</Maximum>
			</NormalizableRange>
			<GenericParameters />
		</ChannelsParameter>
		<ChannelsParameter>
			<ChannelId>400</ChannelId>
			<ChannelName>LtShoulder_Pitch</ChannelName>
			<DefaultPosition>0.185185185185185</DefaultPosition>
			<NormalizableRange>
				<Minimum>0.0</Minimum>
				<Maximum>1.0</Maximum>
			</NormalizableRange>
			<GenericParameters />
		</ChannelsParameter>
		<ChannelsParameter>
			<ChannelId>301</ChannelId>
			<ChannelName>Blink_Open</ChannelName>
			<DefaultPosition>0.442105263157895</DefaultPosition>
			<NormalizableRange>
				<Minimum>0.0</Minimum>
				<Maximum>1.0</Maximum>
			</NormalizableRange>
			<GenericParameters />
		</ChannelsParameter>
		<ChannelsParameter>
			<ChannelId>720</ChannelId>
			<ChannelName>RtAnkle_Pitch</ChannelName>
			<DefaultPosition>0.7</DefaultPosition>
			<NormalizableRange>
				<Minimum>0.0</Minimum>
				<Maximum>1.0</Maximum>
			</NormalizableRange>
			<GenericParameters />
		</ChannelsParameter>
		<ChannelsParameter>
			<ChannelId>600</ChannelId>
			<ChannelName>LtHip_Roll</ChannelName>
			<DefaultPosition>0.2</DefaultPosition>
			<NormalizableRange>
				<Minimum>0.0</Minimum>
				<Maximum>1.0</Maximum>
			</NormalizableRange>
			<GenericParameters />
		</ChannelsParameter>
		<ChannelsParameter>
			<ChannelId>411</ChannelId>
			<ChannelName>LtElbow_Pitch</ChannelName>
			<DefaultPosition>0.111111111111111</DefaultPosition>
			<NormalizableRange>
				<Minimum>0.0</Minimum>
				<Maximum>1.0</Maximum>
			</NormalizableRange>
			<GenericParameters />
		</ChannelsParameter>
		<ChannelsParameter>
			<ChannelId>401</ChannelId>
			<ChannelName>LtShoulder_Roll</ChannelName>
			<DefaultPosition>0.055555555555556</DefaultPosition>
			<NormalizableRange>
				<Minimum>0.0</Minimum>
				<Maximum>1.0</Maximum>
			</NormalizableRange>
			<GenericParameters />
		</ChannelsParameter>
		<ChannelsParameter>
			<ChannelId>700</ChannelId>
			<ChannelName>RtHip_Roll</ChannelName>
			<DefaultPosition>0.2</DefaultPosition>
			<NormalizableRange>
				<Minimum>0.0</Minimum>
				<Maximum>1.0</Maximum>
			</NormalizableRange>
			<GenericParameters />
		</ChannelsParameter>
		<ChannelsParameter>
			<ChannelId>312</ChannelId>
			<ChannelName>RtEye_Yaw</ChannelName>
			<DefaultPosition>0.5</DefaultPosition>
			<NormalizableRange>
				<Minimum>0.0</Minimum>
				<Maximum>1.0</Maximum>
			</NormalizableRange>
			<GenericParameters />
		</ChannelsParameter>
		<ChannelsParameter>
			<ChannelId>710</ChannelId>
			<ChannelName>RtKnee_Pitch</ChannelName>
			<DefaultPosition>0.909090909090909</DefaultPosition>
			<NormalizableRange>
				<Minimum>0.0</Minimum>
				<Maximum>1.0</Maximum>
			</NormalizableRange>
			<GenericParameters />
		</ChannelsParameter>
		<ChannelsParameter>
			<ChannelId>601</ChannelId>
			<ChannelName>LtHip_Yaw</ChannelName>
			<DefaultPosition>0.181818181818182</DefaultPosition>
			<NormalizableRange>
				<Minimum>0.0</Minimum>
				<Maximum>1.0</Maximum>
			</NormalizableRange>
			<GenericParameters />
		</ChannelsParameter>
		<ChannelsParameter>
			<ChannelId>610</ChannelId>
			<ChannelName>LtKnee_Pitch</ChannelName>
			<DefaultPosition>0.909090909090909</DefaultPosition>
			<NormalizableRange>
				<Minimum>0.0</Minimum>
				<Maximum>1.0</Maximum>
			</NormalizableRange>
			<GenericParameters />
		</ChannelsParameter>
		<ChannelsParameter>
			<ChannelId>200</ChannelId>
			<ChannelName>Neck_Yaw</ChannelName>
			<DefaultPosition>0.5</DefaultPosition>
			<NormalizableRange>
				<Minimum>0.0</Minimum>
				<Maximum>1.0</Maximum>
			</NormalizableRange>
			<GenericParameters />
		</ChannelsParameter>
		<ChannelsParameter>
			<ChannelId>410</ChannelId>
			<ChannelName>LtElbow_Yaw</ChannelName>
			<DefaultPosition>0.5</DefaultPosition>
			<NormalizableRange>
				<Minimum>0.0</Minimum>
				<Maximum>1.0</Maximum>
			</NormalizableRange>
			<GenericParameters />
		</ChannelsParameter>
		<ChannelsParameter>
			<ChannelId>100</ChannelId>
			<ChannelName>Waist_Yaw</ChannelName>
			<DefaultPosition>0.5</DefaultPosition>
			<NormalizableRange>
				<Minimum>0.0</Minimum>
				<Maximum>1.0</Maximum>
			</NormalizableRange>
			<GenericParameters />
		</ChannelsParameter>
		<ChannelsParameter>
			<ChannelId>702</ChannelId>
			<ChannelName>RtHip_Pitch</ChannelName>
			<DefaultPosition>0.1</DefaultPosition>
			<NormalizableRange>
				<Minimum>0.0</Minimum>
				<Maximum>1.0</Maximum>
			</NormalizableRange>
			<GenericParameters />
		</ChannelsParameter>
		<ChannelsParameter>
			<ChannelId>300</ChannelId>
			<ChannelName>Brows_Up</ChannelName>
			<DefaultPosition>0.542372881355932</DefaultPosition>
			<NormalizableRange>
				<Minimum>0.0</Minimum>
				<Maximum>1.0</Maximum>
			</NormalizableRange>
			<GenericParameters />
		</ChannelsParameter>
	</ChannelsParameters>
	<SyncPointGroups />
</Animation>